{"cameraMode":{"drawMode":0,"name":"Shaded","section":"Shading Mode"},"sceneLighting":true,"audioPlay":false,"sceneViewState":{"m_AlwaysRefresh":false,"showFog":true,"showSkybox":true,"showFlares":true,"showImageEffects":true,"showParticleSystems":true,"showVisualEffectGraphs":true,"m_FxEnabled":true},"in2DMode":false,"pivot":{"x":15.932975769042969,"y":1.855373740196228,"z":1.1287263631820679},"rotation":{"x":0.24674314260482789,"y":0.06535422056913376,"z":-0.016680646687746049,"w":0.9667328596115112},"size":0.9109470248222351,"orthographic":false}