{"cameraMode":{"drawMode":0,"name":"Shaded","section":"Shading Mode"},"sceneLighting":true,"audioPlay":false,"sceneViewState":{"m_AlwaysRefresh":false,"showFog":true,"showSkybox":true,"showFlares":true,"showImageEffects":true,"showParticleSystems":true,"showVisualEffectGraphs":true,"m_FxEnabled":true},"in2DMode":false,"pivot":{"x":7.864947319030762,"y":79.74639892578125,"z":10.738055229187012},"rotation":{"x":-0.7113400101661682,"y":-0.0014728960813954473,"z":0.0014867703430354596,"w":-0.7028523683547974},"size":0.07335808873176575,"orthographic":false}